id,nombre,descripcion,categoria,imagen,kg,cincoKg,diezKg,veinticincoKg,treintaKg
1,Nueces Mariposa Chandler Extra light,,Frutos Secos,/assets/nuez-mariposa-extra.jpg,14900,13900,13900,,
2,Nueces Mariposa Ambar,,Frutos Secos,/assets/nuez-ambar.jpg,17250,16100,15525,,
3,Nuez Cuarto Extra Light,,Frutos Secos,/assets/nuez-cuarto.jpg,19435,18400,16100,,
4,Nuez Con Cascara,,Frutos Secos,/assets/nuez-con-cascara.jpg,7935,5520,,,
5,Almendras Guara Nacionales,,Frutos Secos,/assets/almendras-guara.jpg,18900,16500,16500,,
6,Almendras Non Pareil Chilenas,,Frutos Secos,/assets/Almendras-Chilenas.jpg,23000,21850,21275,,
7,Castañas De Caju W4,,Frutos Secos,/assets/castanas-caju.jpg,17000,15000,15000,,
8,Avellanas,,Frutos Secos,/assets/avellanas.jpg,31050,29900,27600,,
9,Pistacho,,Frutos Secos,/assets/Pistacho.jpg,42550,40250,36800,,
10,Pasas De Uva Jumbo,,Frutos Secos,/assets/pasas-jumbo.jpg,8280,7360,6670,,
11,Pasas De Uva Sultaninas,,Frutos Secos,/assets/pasas-sultaninas.jpg,4600,4140,3565,,
12,Pasas De Uva Rubias,,Frutos Secos,/assets/pasas-rubias.jpg,8280,7475,6785,,
13,Ciruela Sin Carozo,,Frutos Secos,/assets/ciruela-sin-carozo.jpg,8625,7820,7095,,
14,Arandanos,,Frutos Secos,/assets/arandanos.jpg,15525,14375,13685,,
15,Banana Chips Desecada,,Frutos Secos,/assets/banana-chips.jpg,13225,11730,,,
16,Datiles,,Frutos Secos,/assets/datiles.jpg,8970,8280,,,
17,Higos Negros,,Frutos Secos,/assets/higos-negros.jpg,12075,,,,
18,Pasta De Mani Odiis,,Frutos Secos,/assets/pasta-mani.jpg,2875,,,,
19,Mix Patagonia,"Arandanos, almendras, caju, nuez",Mixes,/assets/Mix Patagonia.jpg,18975,18400,17480,,
20,Mix Frutas Sin Mani,"Almendra, nuez, pasas, castaña",Mixes,/assets/Mix Frutas Sin Mani.jpg,14950,13800,12650,,
21,Mix Sin Pasas,"Nuez, mani, almendra, castaña",Mixes,/assets/mix-sin-pasas.jpg,14950,13800,12650,,
22,Mix Premium,"Nuez, castañas, almendras, avellanas",Mixes,/assets/Mix Premium.jpg,21275,20700,20125,,
23,Mix Banana,"Banana, nuez, almendras, pasas, mani",Mixes,/assets/mix-banana.jpg,7820,7475,7130,,
24,Mix Tropical,"Banana, pasas, papaya, ananá cubos, nuez",Mixes,/assets/mix-tropical.jpg,14835,14375,,,
25,Mix Economico,"Pasas, mani, nuez, almendras",Mixes,/assets/mix-economico.jpg,7130,6900,6670,,
26,Mix Cervecero,"Maiz frito, mani salado, girasol, semilla zapallo, mani chino",Mixes,/assets/mix-cervecero.jpg,7130,6555,6325,,
27,Almohaditas Frutilla,,Cereales,/assets/almohaditas.jpg,6900,,15525,,
28,Almohaditas Avellanas,,Cereales,/assets/almohaditas.jpg,6900,,15525,,
29,Almohaditas Limon,,Cereales,/assets/almohaditas.jpg,6900,,15525,,
30,Almohaditas Chocolate,,Cereales,/assets/almohaditas.jpg,7475,,17135,,
31,Quinoa Pop Inflada,,Cereales,/assets/quinoa-pop.jpg,5750,,14835,,
32,Arito Frutal,,Cereales,/assets/arito-frutal.jpg,5750,12937,,,
33,Bolita Chocolate,,Cereales,/assets/bolita-chocolate.jpg,6325,,15985,,
34,Fibra De Salvado,,Cereales,/assets/fibra-salvado.jpg,4025,9430,,,
35,Copos Con Azucar,,Cereales,/assets/copos.jpg,4600,,12075,,
36,Copos Sin Azucar,,Cereales,/assets/copos.jpg,4025,,9568,,
37,Granola,,Cereales,/assets/granola.jpg,4370,3910,,,33350
38,Sal De Himalaya,,Cereales,/assets/sal-himalaya.jpg,2875,2415,,,
39,Sal Marina Fina,Por 500gr,Cereales,/assets/sal-marina.jpg,1100,,,,
40,Bicarbonato,,Cereales,/assets/bicarbonato.jpg,3795,3565,,,
41,Gelatina Sin Sabor,,Cereales,/assets/gelatina.jpg,23575,,,,
42,Tomates Secos,,Cereales,/assets/tomates-secos.jpg,17135,,,,
43,Chips Chocolate Negro y Blanco,,Reposteria,/assets/chips-chocolate.jpg,11040,10120,,,
44,Cacao Amargo Puro,,Reposteria,/assets/cacao-amargo.jpg,9890,8740,,,
45,Mani Con Chocolate,,Reposteria,/assets/mani-chocolate.jpg,12650,11730,,,
46,Almendras Con Chocolate,,Reposteria,/assets/almendras-chocolate.jpg,28750,26450,,,
47,Pasas Con Chocolate,,Reposteria,/assets/pasas-chocolate.jpg,18860,17250,,,
48,Rocklert Aguila,,Reposteria,/assets/rocklert.jpg,15180,13800,,,
49,Coco Rallado,,Reposteria,/assets/coco-rallado.jpg,8970,8280,,,
50,Polvo Para Hornear,,Reposteria,/assets/polvo-hornear.jpg,7360,6900,,,
51,Tabletas Aguila x5KG,,Reposteria,/assets/tabletas-aguila.jpg,0,125350,,,
52,Mani Salado Pelado,,Snacks,/assets/mani-salado.jpg,2800,2500,2500,2500,
53,Mani Tostado Sin Sal,,Snacks,/assets/mani-salado.jpg,2800,2500,2500,2500,
56,Mani Saborizado / Mani Chino,,Snacks,/assets/mani-chino.jpg,4025,3450,2990,,
57,Mani De Vaina,,Snacks,/assets/mani-vaina.jpg,4025,3680,3220,,
58,Maiz Frito Salado,,Snacks,/assets/maiz-frito.jpg,11385,10350,,,
59,Garrapiñadas,,Snacks,/assets/garrapinadas.jpg,4025,3680,,,
60,Palito Salado,,Snacks,/assets/palito-salado.jpg,3680,3450,3220,2875,
61,Tutuca,,Snacks,/assets/tutuca.jpg,4140,3450,,,
62,Lenteja,,Legumbres,/assets/lenteja.jpg,2875,12650,,,
63,Lentejon,,Legumbres,/assets/lentejon.jpg,3335,13800,,,66700
64,Arroz Yamani,,Legumbres,/assets/arroz-yamani.jpg,2530,9890,,,48990
65,Arroz Integral,,Legumbres,/assets/arroz-integral.jpg,2300,9315,,,42435
66,Avena Instantanea,,Legumbres,/assets/avena.jpg,2300,9430,,,44850
67,Garbanzo,,Legumbres,/assets/garbanzo.jpg,2530,10350,,,42320
68,Poroto Alubia,,Legumbres,/assets/poroto-alubia.jpg,3910,17480,,,
69,Poroto Soja,,Legumbres,/assets/poroto-soja.jpg,1495,,,,
70,Poroto Colorado,,Legumbres,/assets/poroto-colorado.jpg,2990,12880,,,
71,Poroto Aduki,,Legumbres,/assets/poroto-aduki.jpg,3335,14835,,,
72,Poroto Negro,,Legumbres,/assets/poroto-negro.jpg,2875,11270,,,
73,Poroto Pallares Grande,,Legumbres,/assets/poroto-pallares.jpg,6440,31050,,,
74,Pisingallo,,Legumbres,/assets/pisingallo.jpg,1610,6670,,,34500
75,Oregano,,Condimentos,/assets/oregano.jpg,6900,6325,,,
76,Provenzal,,Condimentos,/assets/provenzal.jpg,4370,4025,,,
77,Adobo Para Pizza,,Condimentos,/assets/adobo-pizza.jpg,4025,3680,,,
78,Pimenton,,Condimentos,/assets/pimenton.jpg,4025,3680,,,
79,Pimenton Ahumado,,Condimentos,/assets/pimenton-ahumado.jpg,8970,8280,,,
80,Pimienta Negra Molida,,Condimentos,/assets/pimienta-negra.jpg,12880,,,,
81,Pimienta Blanca Molida,,Condimentos,/assets/pimienta-blanca.jpg,15985,15410,,,
82,Ajo En Polvo,,Condimentos,/assets/ajo-polvo.jpg,7820,7130,,,
83,Aji Puro,,Condimentos,/assets/aji-puro.jpg,7360,6900,,,
84,Jengibre En Polvo,,Condimentos,/assets/jengibre.jpg,8395,7935,,,
85,Chimichurri,,Condimentos,/assets/chimichurri.jpg,5060,4577,,,
86,Nuez Moscada Molida,,Condimentos,/assets/nuez-moscada.jpg,11385,10580,,,
87,Comino,,Condimentos,/assets/comino.jpg,3335,,,,
88,Curcuma,,Condimentos,/assets/curcuma.jpg,3335,,,,
89,Anis En Grano,,Condimentos,/assets/anis.jpg,17135,,,,
90,Paprika,,Condimentos,/assets/paprika.jpg,7360,7130,,,
91,Canela En Polvo,,Condimentos,/assets/canela.jpg,10580,10005,,,
92,Curry,,Condimentos,/assets/curry.jpg,6785,6440,,,
93,Ajo Triturado,,Condimentos,/assets/ajo-triturado.jpg,11040,10580,,,
94,Azucar Impalpable,,Azucares,/assets/azucar-impalpable.jpg,2185,1955,1725,,
95,Azucar Negra,,Azucares,/assets/azucar-negra.jpg,2185,1955,1725,,
96,Azucar Rubia,,Azucares,/assets/azucar-rubia.jpg,2185,1955,1725,,
97,Azucar Mascabo,,Azucares,/assets/azucar-mascabo.jpg,4600,3910,3450,,
98,Harina Integral,,Harinas,/assets/harina-integral.jpg,1035,4370,,18285,
99,Harina Paraguaya,,Harinas,/assets/harina-paraguaya.jpg,1380,5750,,,
100,Harina De Soja,,Harinas,/assets/harina-soja.jpg,1138,5060,,,
101,Harina De Arroz,,Harinas,/assets/harina-arroz.jpg,1725,7935,,,
102,Harina Glutinada,,Harinas,/assets/harina-glutinada.jpg,862,,,,
103,Harina De Garbanzo,,Harinas,/assets/harina-garbanzo.jpg,1035,4600,,20125,
104,Harina De Centeno,,Harinas,/assets/harina-centeno.jpg,1610,6325,,,
105,Harina De Almendras,,Harinas,/assets/harina-almendras.jpg,4830,4600,,4140,
106,Harina De Coco,,Harinas,/assets/harina-coco.jpg,4715,4485,,,
107,Harina De Avena,,Harinas,/assets/harina-avena.jpg,2300,9200,,,
108,Soja Texturizada,,Harinas,/assets/soja-texturizada.jpg,2530,9775,,,
109,Salvado De Trigo Fino/Grueso,,Harinas,/assets/salvado-trigo.jpg,1495,,,,
110,Semola,,Harinas,/assets/semola.jpg,1725,8050,,,
111,Semolin,,Harinas,/assets/semolin.jpg,1725,6210,,,
112,Maizena,,Harinas,/assets/maizena.jpg,2300,9430,,,44850
113,Mandioca,,Harinas,/assets/mandioca.jpg,2760,11500,,,51750
114,Cascarilla,,Harinas,/assets/cascarilla.jpg,5635,,,,
115,Semilla Amapola,,Semillas,/assets/semilla-amapola.jpg,15525,,,,
116,Semilla Zapallo,,Semillas,/assets/semilla-zapallo.jpg,14375,13800,,,
117,Semilla De Sesamo Blanco,,Semillas,/assets/sesamo-blanco.jpg,8510,,,35650,
118,Semilla De Sesamo Integral,,Semillas,/assets/sesamo-integral.jpg,4140,,,18975,
119,Semilla De Sesamo Negro,,Semillas,/assets/sesamo-negro.jpg,7935,,,37375,
120,Semilla De Chia,,Semillas,/assets/chia.jpg,7820,,,35650,
121,Semilla De Quinoa,,Semillas,/assets/quinoa.jpg,10580,,,48300,
122,Semilla De Lino,,Semillas,/assets/lino.jpg,2300,10580,,,
123,Girasol Pelado,,Semillas,/assets/girasol.jpg,4370,18400,,,
124,Mix De Semillas,"Girasol, lino, sesamo integral, chia",Semillas,/assets/mix-semillas.jpg,3910,17250,,69000,
125,Barritas Proteicas Iron Bar,"Chocolate, banana, cookies, frutilla, ddl, coco — Caja x20 uni",Suplementos,/assets/iron-bar.jpg,920,,,,
126,Colageno Hidrolizado,,Suplementos,/assets/colageno.jpg,920,805,,,
127,Harina De Coca,,Suplementos,/assets/harina-coca.jpg,920,805,,,
128,Cartilago De Tiburon,,Suplementos,/assets/cartilago-tiburon.jpg,920,805,,,
129,Maca En Polvo,x 500 gramos,Suplementos,/assets/maca.jpg,2185,1955,,,
130,Aceite De Cannabis,30 ml,Suplementos,/assets/aceite-cannabis.jpg,7935,7475,,,
131,Flor De Jamaica (Hibiscus),,Suplementos,/assets/flor-jamaica.jpg,20470,18630,,,
132,Aceite De Coco,x360ml,Aceites,/assets/aceite-coco.jpg,6325,5980,5405,,
133,Aceite De Oliva x 2LT,,Aceites,/assets/aceite-oliva.jpg,9660,8970,8280,,
134,Aceite De Oliva x 1/2 Vidrio,,Aceites,/assets/aceite-oliva.jpg,5290,4830,,,
135,Aceite De Oregano,x30cc — Bio Nativa,Aceites,/assets/aceite-oregano.jpg,7360,6785,,,
136,Aceite De Chia,x250cc — Bio Nativa,Aceites,/assets/aceite-chia.jpg,9430,8970,,,
137,Aceite De Lino,x250cc — Bio Nativa,Aceites,/assets/aceite-lino.jpg,6670,6210,,,
138,Aceite De Almendra,x250cc — Bio Nativa,Aceites,/assets/aceite-almendra.jpg,8625,8280,,,
139,Aceite De Jojoba,x100cc — Bio Nativa,Aceites,/assets/aceite-jojoba.jpg,6785,6325,,,
140,Aceite De Ricino,x100cc — Bio Nativa,Aceites,/assets/aceite-ricino.jpg,5635,5175,,,
141,Aceite De Palta,x250cc — Bio Nativa,Aceites,/assets/aceite-palta.jpg,12075,11270,,,
142,Aceite De Coco Virgen,x360cc — Bio Nativa,Aceites,/assets/aceite-coco.jpg,9890,,,,
143,Aceite De Romero,x30cc — Bio Nativa,Aceites,/assets/aceite-romero.jpg,7130,,,,
144,Aceite De Rosa Mosqueta,x30cc — Bio Nativa,Aceites,/assets/aceite-rosa-mosqueta.jpg,9430,8970,,,
145,Aceite De Sesamo,x250cc — Bio Nativa,Aceites,/assets/aceite-sesamo.jpg,6555,6210,,,
146,Miel Pura X 1KG,,Otros,/assets/Miel Pura X 1KG.jfif,4025,,,,
